{
  "project_info": {
    "project_number": "244436243940",
    "firebase_url": "https://sciquiz-a7e42-default-rtdb.asia-southeast1.firebasedatabase.app",
    "project_id": "sciquiz-a7e42",
    "storage_bucket": "sciquiz-a7e42.appspot.com"
  },
  "client": [
    {
      "client_info": {
        "mobilesdk_app_id": "1:244436243940:android:a1893d96c0931885d063f1",
        "android_client_info": {
          "package_name": "com.mycompany.quizapp"
        }
      },
      "oauth_client": [],
      "api_key": [
        {
          "current_key": "AIzaSyDf4EhZbX14wOjEu8pn7TNNZAjuE4FaXc4"
        }
      ],
      "services": {
        "appinvite_service": {
          "other_platform_oauth_client": []
        }
      }
    },
    {
      "client_info": {
        "mobilesdk_app_id": "1:244436243940:android:27bce05585b99cead063f1",
        "android_client_info": {
          "package_name": "com.mycompany.sciquiz"
        }
      },
      "oauth_client": [],
      "api_key": [
        {
          "current_key": "AIzaSyDf4EhZbX14wOjEu8pn7TNNZAjuE4FaXc4"
        }
      ],
      "services": {
        "appinvite_service": {
          "other_platform_oauth_client": []
        }
      }
    }
  ],
  "configuration_version": "1"
}